{"cameraMode":{"drawMode":0,"name":"Shaded","section":"Shading Mode"},"sceneLighting":true,"audioPlay":false,"sceneViewState":{"m_AlwaysRefresh":false,"showFog":true,"showSkybox":true,"showFlares":true,"showImageEffects":true,"showParticleSystems":true,"showVisualEffectGraphs":true,"m_FxEnabled":true},"in2DMode":false,"pivot":{"x":13.892112731933594,"y":41.42203140258789,"z":1.3494672775268555},"rotation":{"x":0.27690571546554568,"y":-0.3775501847267151,"z":0.11940473318099976,"w":0.8755601644515991},"size":15.816197395324707,"orthographic":false}