{"cameraMode":{"drawMode":0,"name":"Shaded","section":"Shading Mode"},"sceneLighting":true,"audioPlay":false,"sceneViewState":{"m_AlwaysRefresh":false,"showFog":true,"showSkybox":true,"showFlares":true,"showImageEffects":true,"showParticleSystems":true,"showVisualEffectGraphs":true,"m_FxEnabled":true},"in2DMode":false,"pivot":{"x":402.1999816894531,"y":923.7872314453125,"z":112.41461181640625},"rotation":{"x":-0.038164932280778888,"y":0.16264724731445313,"z":0.006294003687798977,"w":0.9859310388565064},"size":556.9188232421875,"orthographic":false}